{
    "version_spoofing": "on",
    "p_sports": "25000",
    "p_drive": "17000",
    "p_eco": "7000",
    "i_sports": "55000",
    "i_drive": "32000",
    "max_speed": "35",
    "drive_max_speed": "30",
    "eco_max_speed": "20",
    "direct_power_control": "off",
    "direct_power_control_curve": "flat",
    "current_raising_coefficient": "300",
    "motor_start_speed": "5",
    "brake_limit": "115",
    "brake_i_min": "8000",
    "brake_i_max": "30000",
    "brake_current_raising_coefficient": "500",
    "cruise_control_delay": "5",
    "wheel_size": "8.5",
    "voltage_limit": "43.01"
}